par_id,text,label_x
4046,we also know that they can benefit by receiving counseling from someone who can help them understand that their feelings are normal and that their situation is not hopeless ; someone who can help them put their situation in perspective and help them communicate with others who could provide support ; someone knowledgeable about resources they can access ; someone who can help them plan for their needs and the needs of their child by developing either a parenting plan or an adoption plan .,[1 1 0 0 0 0 0]
1279,"pope francis washed and kissed the feet of muslim , orthodox , hindu and catholic refugees in a moving ceremony during holy thursday mass at a refugee centre on the outskirts of rome . ( march 24 )",[0 0 1 0 0 0 0]
8330,"many refugees do n't want to be resettled anywhere , let alone in the us .",[0 0 0 1 0 0 0]
4063,"""budding chefs , like """" fred """" , """" winston """" and """" angela """" in the kitchen are either homeless or recently re-housed - and desperately in need of a helping hand to enable them to re-build their shattered lives .""",[1 1 0 0 1 1 0]
4089,"""in a 90-degree view of his constituency , one can see a high rise and a flyover while underneath it , homeless people sleep on pavements . """" as you can see , my constituency is not confined to one socio-economic group , """" he said , adding that apart from water , another major concern for him is to improve the standard of public schools in the area .""",[0 1 0 0 0 0 0]
432,"he depicts demonstrations by refugees at the border post , their catastrophic living conditions and the desperate attempt of several hundred to cross a river a few kilometres from the camp to get into macedonia on 14 march 2016 .",[0 0 0 0 1 0 0]
4177,"the word of god is truth that 's living and able to penetrate human souls ( heb. 4:12 ) . consider how powerful scripture is : it can change hearts , save lives from eternal condemnation , and give hope to the hopeless .",[0 1 0 0 1 0 0]
3963,"chantelle owens , mrs planet 2016 , hosted the day and the ladies had the chance to share their compassion for those in need .",[0 1 1 0 1 0 0]
2001,t is remiss not to mention here that not all scavenging children come from poor families . children hailing from affluent families use dumpsites as playgrounds .,[0 0 0 1 0 0 0]
369,""""""" people do n't understand the hurt , people do n't understand the pain . i 've read about women with their children sleeping in cars , sleeping in hotel rooms and it 's criminal . if they 're lucky and they come across cope galway and the ladies in osterley , then there 's hope . """"""",[1 1 0 1 1 0 0]
773,"sheepherding in america has always been an immigrant 's job , too dirty , too cold and too lonely for anyone with options .",[0 1 0 1 1 0 0]
6510,""""""" these poor ladies are definitely going through some traumatic issues right now , and i am asking that they come forward so that i help them ? together with women parliamentarians - to be able to heal .""",[1 1 1 1 1 0 0]
7394,"karachi - on the eve of international women 's day , pakistan people 's party chairman bilawal bhutto zardari has announced that his party 's women wing will organise karwan-e-benazir rallies in all the provincial capitals and in azad jammu &amp; kashmir , gilgit-baltistan and fata to celebrate the day and ppp 's achievements for empowerment of women in the country .",[0 1 1 0 0 0 0]
1572,if only we had more stories that championed the brilliance of migrant workers perhaps we 'd be able to challenge the silence that permits them to be treated in such a disdainful way .,[0 1 0 0 1 0 1]
5685,"kasun may not be a superhero or a super genius but he is a great human being who has overcome challenges and hardships of life without even having the full functional capability of his body . his courage and dedication may one day take him to high places in life but above all , for those who are feeling useless and hopeless even though they have fully functional limbs , kasun 's story is going to be a lesson .",[1 1 0 1 1 0 1]
5996,real poverty of britain : shocking images of uk in the sixties where poor really meant poor <h> these hard-hitting photographs offer a glimpse into the harrowing day-to-day for poor families living in britain during the sixties .,[1 0 0 0 1 0 0]
991,valerie siddiq : my heart goes out to all the deceased and the poor families . may god grant us tolerance for all race and religions .,[0 1 0 0 1 0 0]
6189,"""our country is in need of serious change . we can continue to celebrate women 's day , throw massive budgets at events , give out goody bags with a cute lipsticks and celebrate female achievers once a year . this is without taking away from exceptional women who truly are making inroads into their environments but we are not just a cute lipstick , or pair of shoes , we are not just pretty and soft and squishy . we are not just child bearers , and there for procreation . so , why are we as women , so accepting of the placating and mollification thrown at us and overlook the inequalities through acceptance . i am by no means militant , but often , as even in politics , focus is shifted on true issues by drawing public attention to other """" things """" in order for us to be distracted . by shifting our focus from relevant issues we forget why we were disgruntled and angry and nothing ever changes .""",[0 0 1 0 0 0 0]
6234,"the world health organization did not give a reason for the increase in deaths , but a provincial health official in sindh said that the disease hit areas where poor families did not vaccinate their children .",[0 1 0 1 0 0 0]
10326,"a top health official said today that the government could consider subsidies to help poor families pay for healthy food -- or imposing taxes on unhealthy products -- if other efforts fail to encourage better eating habits among hong kong residents . dr regina ching from the health department said such moves could be explored as a way to cut levels of chronic illnesses in the city , such ...",[0 1 0 1 0 0 0]
5248,"maida noted that political issues should not twist women away from matters of development , the important thing is peace , and women must wake up , since they need economic revolution through peaceful means .",[1 0 0 0 0 0 0]
9587,jamaicans are deemed to be among the most violent persons on planet earth . some argue that it has to do with our legacy of slavery which in itself was an act of extreme violence . some even posit that it may well be that we have too much sugar in our blood ; while others point to the socio-economic conditions that the majority of black jamaicans have to live under which have led them to a point of hopelessness and anger .,[0 1 0 1 0 0 0]
1067,businessman norberto quisumbing jr . of the norkis group of companies has a challenge for families who can spare some of what they have : why not adopt poor families and help them break the cycle of poverty ?,[1 1 1 0 1 1 0]
1208,"it is written in ecclessiastes in the bible that ' woe to any nation where a slave becomes king ' this typifies the situation in nigeria since the inception of that country . i weep for my country when i visited home in 2009 and toured my alma mater- absu ... the infrastructural decay reduced me to tears . no matter how much oil is sold in the world market the money will not change the corrupt/ sorry situation in nigeria . the only thing that will change it is revolution . i weep for the children , pregnant women , the sick , infirms and the vulnerables who are trapped in this diabolical hole called nigeria . my advice to nigerians ... ' god will not do for man what man can do for himself ' wake and take your destinies in your hands stop calling on god for simple things you can do , learn from egypt , tunisia and libya experience .",[1 1 0 1 1 1 0]
8706,"a massive cleanup and awareness drive was conducted jointly by the lwmc and the bahria university , lahore campus in different localities of johar town . the purpose of the drive was to improve state of cleanliness and sensitise poor families to hygienic conditions .",[1 1 1 0 0 0 0]
7918,""""""" nigeria 's tertiary education system is still elitist . we do n't make allowance for poor families , families that have not yet produced a university graduate . how do these people assess the university education ?""",[0 1 0 0 0 0 0]
9998,""""""" in addition , the members of parliament will visit two projects that focus on the inclusion of street children and victims of acid attacks to demonstrate their solidarity with those vulnerable groups in need of support . finally , on april 29 the delegation will brief the journalists on the outcome of the visit at a press conference . """"""",[0 1 1 0 0 0 0]
5506,""""""" we know uber partners with an extensive network of drivers , and plunket nurses support some of our most vulnerable families . working together , we can make it simple for people to help out and make a difference , """" jarvie says .""",[0 1 0 0 0 0 0]
6056,"idearaya spokesman maryam ramli lee in an interview with malay mail online , september 10 , 2015 . for human rights , idearaya is shining a spotlight on marginalised communities such as refugees and migrant workers , while its focus for philosophy this year would be on educating children to express themselves philosophically .",[0 1 1 1 1 1 0]
2848,camfed would like to see this trend reversed . it would like to see more girls in school . basic education statistics in tanzania ( best 2010 ) show that only 18 percent of girls have completed secondary school education . this is why camfed supports girls from poor families to obtain secondary education and its efforts have seen many go to university .,[0 1 0 0 0 0 0]
9518,"bond went out of his way to help the less fortunate , often going on the road with kim to take food to the homeless .",[0 1 1 0 1 0 0]
1847,"trevor hagan/winnipeg free press john donovan , northern region director of the addictions foundation of manitoba : ? many of them are feeling pretty hopeless. ?",[0 0 0 1 1 0 0]
5252,"xi made the remarks during a tour of the city of zhangjiakou in northern china 's hebei province , where he inspected an impoverished village , visiting and chatting with poor families , discussing how they could shake off poverty .",[1 1 1 0 1 1 0]
8839,""""""" a vagrant even told me that he did not want to return to the streets ever again because of my movie . i mean , how much money can you pay to get a homeless person back on the right track ? """"""",[0 1 0 0 0 1 0]
6681,"watching poor families in england writhe in pain over this deep wound , we , as residents of this former slave plantation island , can commiserate with their distress .",[0 1 0 0 1 1 0]
4218,""""""" we need to grow the economy in a way that we are helping those that are struggling -- families that are going to difficult times , and those that are in vulnerable situations , """" he said .""",[0 1 1 0 0 0 0]
4802,"fasting bridges the gap between rich and poor , sustained and impoverished , fulfilled and needy . this experience should then inspire compassion and mercy , which is manifest by generosity of wealth and time to help those in need .",[0 1 0 0 0 0 0]
6995,"many celebrities wore blue ribbons to support the american civil liberties union , which is seeking to shed light on the plight of young immigrants facing the potential of being deported .",[0 1 1 0 1 1 0]
9435,"while some said they were just out to hang out with their friends of like persuasion , this was no social gathering for others ; it was a place of work . for some of these male prostitutes , the ' clients ' they picked up on this corner were their only means of survival , and the streets , in some cases , a home for the homeless among them .",[0 0 0 0 1 0 0]
107,"""his present """" chambers """" may be quite humble , but shiyani has the tiny space very neatly organized and clean . many people pass him by but do not manage to see him , because the space is partially hidden behind trees , which gives him a relative privacy . """" there are many homeless sleeping around the station , """" captain xoli mbele , from the nearby johannesburg central police station said .""",[0 0 0 0 0 0 1]
3661,""""""" some come from poor families and then you find swimming in millions and they lose focus , then they fizz out from football altogether , """" he said , making it clear that to have a paul pogba-esque success , one needs to work that much harder and not get influenced easily especially at this age and that too coming from africa .""",[1 1 0 1 0 0 0]
7443,she urged members of the public to always be willing stretch a hand of support to persons in need within the society .,[1 1 0 0 0 1 0]
1790,"a few of hong kong 's mega rich , have also made a more concerted effort to improve the quality of life of those most in need , however the philanthropic approach adopted by the vast majority of them has its limitations . philanthropy has often created a culture of dependency and has failed to tackle the root causes of social problems . for many organizations , philanthropic investment is viewed as a cost rather than an opportunity .",[0 1 0 0 0 0 0]
5552,the minister said a society 's measure of its humanity is how it treats its weakest and most vulnerable members .,[1 1 0 0 0 0 0]
490,"18 december should serve as a time when we look with compassion at the fate of migrants , refugees and the internally displaced . it is especially a time when we must plan and increase resources for creative action .",[0 1 1 0 0 0 0]
6699,he said their efforts should not stop only at creating many graduates but also extended to students from poor families so that they could break away from the cycle of poverty .,[0 1 0 0 1 1 0]
6821,"that is the big picture , the one conveyed in official reports and government documents . but for the people who live on the ground in the province , it does not begin to portray the hopelessness , the everyday obstacles , the decay .",[0 1 0 1 1 0 0]
9455,"speaking at the event , which was part of activities marking the 58th independence anniversary of nigeria and 22 years of the state 's creation , umahi noted that the vision of caring for the widows , the elderly and vulnerable was a divine assignment bestowed on",[0 1 0 0 0 0 0]
3265,"the turkish ambassador to tanzania ali davutoglu has called on civil society groups and tanzanians in general to join hands in helping orphans and vulnerable children , saying such responsibilities should not be left for the government alone .",[1 1 0 0 0 0 0]
6309,"some years later the daughter 's marriage broke up . she had two children by then and needed money urgently . the father dipped into his savings and was eventually compelled to move into this home . his daughter has put in the papers for him to join her in australia and he is hopeful of joining her soon . that day for him will be a joyful escape from the surrounding air of defeat , dejection and hopelessness .",[0 0 0 1 1 1 0]
2610,"""nearly 15,000 west african teenagers leave their homes every year to play football in europe . few make good on their dreams . some are lured by corrupt """" agents """" , smuggled across the searing sahara and discarded in the streets of europe , resigned to selling fake designer bags as undocumented immigrants . others are nabbed by academies and feeder teams affiliated with european clubs and often dumped like bad stocks .""",[0 0 0 1 1 1 0]
7959,"president akufo-addo noted that despite democracy gaining roots on the continent , and the positive economic strides , there were justifiably pressing demands to address issues of widespread unemployment and the sense of hopelessness in the future , that compels large numbers of africa 's youth to travel across the sahara desert and traverse perilous oceans in search of a better life in the developed world .",[0 1 0 0 1 0 0]
187,""""""" we share a global responsibility to respond to this crisis . we commend others who have acted in a compassionate and generous way , especially the government of bangladesh and host communities in the region who continue to provide safe refuge to their neighbours in need , """" he said .""",[0 1 0 0 0 0 0]
1477,"haiti has legal protections for the disabled on paper , but the laws are poorly implemented . disabled haitians have few opportunities to work and too many youngsters with disabilities languish out of sight at home instead of going to school . some impoverished parents abandon disabled kids outside state institutions or farm them out as domestic servants .",[0 0 0 1 1 0 0]
3213,hollywood star leo di caprio urges help for reuniting immigrant children with their families,[0 1 0 0 0 0 0]
7726,"""in dublin , the church of ireland archbishop dr michael jackson reflected on the year drawing to a close and recalled the """" horrific conflagration at the halting site in carrickmines """" and the death of garda tony golden in omeath , as well as the """" refugees fleeing from syria """" and other parts of the middle east and the """" forgotten peoples of africa """" .""",[0 1 0 0 1 0 0]
808,he wants more done now to help those in need .,[0 1 0 0 0 0 0]
4303,"pic : james mcclean delivers on his incredibly classy promise to young disabled girl <h> james mcclean may be one of the most controversial figures in the premier league but , when push comes to shove , his heart is always in the right place for those in need .",[0 1 0 1 1 1 0]
2196,""""""" it 's the largest humanitarian tragedy of our time , """" ninette kelley , the un high commissioner for refugees ' representative to lebanon , told the guardian earlier this month in an interview . """" we do not want the world to forget that people are suffering here . """"""",[0 1 0 0 1 0 0]
5816,""""""" i have a lot of sympathy for folks who are in need in the city , """" mr edmonds-waters said . """" this has become an extremely expensive city to live in . the divide between those who have and those who do n't is ridiculously ginormous . """"""",[0 1 0 0 1 0 0]
4560,"hundreds of thousand africans are graduating per year . different from 1980s and early 1990s when college outpours got immediately absorbed in the labour market , many today are jobless and hopeless .",[0 0 0 1 1 0 0]
10007,"it is seen in recurring violence and continuing degradation of women through stone-age practices such as fgm . it is seen in the thousands of africans risking death in the seas to escape the hopelessness in their countries . it is seen in the ' cult of the green card , ' which i define as a maniacal ambition to live in america or europe .",[0 1 0 1 1 0 0]
6428,"kenyans are known to have big hearts . hearts so big that they give generously when it comes those in need . despite all our differences , we unite to help the sick , fight for justice or feed those in drought or war-stricken areas .",[0 1 0 0 1 1 0]
10468,""""""" anja ringgren loven i ca n't find a word to describe how i feel for you .... may god almighty keep blessing you and always give you strength and sound health to continue your good work ..... you gave hope to the hopeless ! ! ! ! have so much respect for you .. stay blessed my good fellow ... """" says one commenter on facebook . """" god bless you and your mission . glad to see hope ( and all the children ) growing up loved , well fed , happy , having fun , and going to school , """" says another .""",[0 1 0 1 1 0 0]
9980,"from mother ( played by bollywood actress seema biswas of bandit queen fame ) who rejected him and a society that offered no respite , siva was , in a nutshell , a hopeless street vagabond .",[0 0 0 0 1 0 0]
7004,"we have the opportunity to give the gift of love , to shine a light in the darkness of despair , to share with others who are in need , to comfort those who are sad or lonely .",[0 1 0 0 1 1 0]
2984,"she said since bangladeshs main export to the usa is apparel , this industry employs 4 million workers , of which 90 percent are girls from poor families . their earnings have empowered them . their contributions now provide better nutritional food , allow siblings to go to schools , and give them a respected voice at home . their empowerment is also helping reduce poverty , control population growth and increase literacy .",[0 0 0 1 0 1 0]
582,"it 's calculated that over 204,000 days of purpose-built residential accommodation to otherwise potentially homeless elderly men and women have been delivered by this personally driven altruistic act alone .",[0 1 0 0 0 0 0]
8848,"""while the scale of waste is astonishing in the western world , the plight of the poor families in the uk being """" literally """" forced to rely on food banks than those suffering in african villages and refugee camps , is a sad story . but it is a true story .""",[0 0 0 0 1 0 0]
8385,"""shelter chief executive polly neate said , """" it 's disgraceful that even when families are working every hour they can , they 're forced to live through homelessness . """"""",[0 1 0 0 1 0 0]
3614,news this month that anglican care spent $4 million buying a christchurch site as a hub for vulnerable youths is a fine example of that community-minded approach . in years to come there may be an interesting contrast between a beautifully restored cathedral that is empty much of the time and a youth hub and revamped city mission that are constantly busy .,[0 1 1 0 0 0 0]
1870,"""he said : """" i think we can consider introducing a negligible telecom surcharge to be entirely borne by the initiator of a call . in order to protect the poor and vulnerable amongst us , we could structure it to only take effect after the third minute of talk .""",[0 1 1 0 0 0 0]
9119,"new delhi : activists and medical professionals have lauded the government 's move to increase the ambit of the disabled list to offer benefits to acid attack survivors , those suffering from chronic neurological conditions , and haemophilia and sickle cell anaemia patients . this , they said , will help in integrating them into society .",[0 1 0 1 0 0 0]
149,"krueger recently harnessed that creativity to self-publish a book featuring the poems , artwork , photography and short stories of 16 ill or disabled artists from around the world . she hopes the book , which contains some of her own work as well , will show how talented disabled people can be .",[0 1 0 0 0 0 1]
8979,"the vast majority of girls and women caught in the exploitative global sex trade are not victims of kidnapping , like the nigerian 276 abducted by boko haram , but rather of poverty . human traffickers prey on poor families who do n't have access to education and are n't aware of their basic rights . mired in grinding poverty , parents desperately take out loans on conditions they do n't understand , pledging their children on their debts .",[0 0 0 1 1 0 0]
1674,"kyle really your a pig , lol youre also very ignorant do nt like over weight women , well have u looked in the mirror recently your fat , you and your boss should be sacked never to return to radio , , how dare you say go for the disabled , your more disabled than the disabled olympians , they have a genuine heart , you do nt have one ,",[0 0 0 0 0 0 1]
2959,"you know the type . she 's excelling in her field while tutoring underprivileged kids , running 5k fundraisers and adopting the most hopeless rescue dogs as pets -- and she 's not afraid to gloat about it .",[0 1 1 0 1 0 0]
10253,"rather sad . good set of pictures that tells a tale of survival , subsistence living , and hopeless nature of life in the tribal societies . exploiting an unexpected geo-political bonanza is a temporary relief that is not sustainable . education and economic development seem miles away .",[0 0 0 1 1 1 0]
7153,"he stayed true to his promise , and at the opening day of the restaurant , he brought a lot of homeless from the park to give them full respect and food .",[0 1 1 0 1 0 0]
4056,"president muhammadu buhari is on a divine mission to rescue the nigeria from the brink of collapse and hopelessness , speaker of the house of representatives , rt . hon. yakubu dogara has said .",[0 1 0 1 1 0 0]
1922,"the global gender gap report 2016 has ranked pakistan 143 out of 144 countries . this really demonstrates the failure of feminists who are hopeless to break the historical shackles of bondage on women and establish favorable political , educational , economic , and health conditions .",[1 0 0 1 0 1 0]
6690,"instead of restaurants and malls , they go into the nooks and crannies of the capital , approaching every homeless person they meet to offer them a new lease on life .",[0 1 0 0 0 1 0]
6873,"according to her , she established royal seed home to bring up a needy or homeless child to become a great person in future .",[0 1 0 1 1 0 0]
5921,""""""" i expect more resources in the hands of people in need and the humanitarian workers on the frontline ( who ) are risking their lives to help them , and i expect less to be spent in the back room in transactions that do not help us get help to the people , """" she said .""",[0 1 0 0 0 0 0]
9925,"the jagged rocks , the stony beaches , the sweeping , heather covered hills ... the last views of the old country that faded from sight when a generation of immigrants set sail for the new world ( you can read that in liam neeson 's voice if you want ) .",[0 0 0 0 1 1 0]
6852,"it was through that experience guest decided to help others in need , people who society had passed by , a notion he has continued throughout his retirement years .",[0 1 0 0 1 1 0]
5512,""""""" africa rights initiatives international has brought smiles on the faces of many , especially , crippled/ disabled who received crutches , the poor sighted who received glasses and medications , the poor who received clothing , the 1,225people who received free health insurance coverage and the general public that received free medical care and above all , the financial support for the anti snake venom ( asv ) to save the life of the poor woman in kporibayiri , and referral of the poor boy who died on the way to the hospital . your midwives also conducted great deliveries during your visit . only god knows what would have happened as the only midwife for the sub-district was still on her annual leave """" he said .""",[0 1 0 0 1 1 0]
6907,""""""" we are taking a community that is fairly vulnerable and bringing them to a level where they are empowered . """" <h> victoria kioko""",[0 1 0 1 0 0 0]
4494,""""""" we shall remember him for the immense contribution he made to the many vulnerable sectors of humanity ? women ? children ? orphans the disabled and refugees . """"""",[0 1 0 0 0 0 0]
5593,""""""" let us make this occasion more meaningful by offering aid to others , especially to those in need . let us pray for the welfare and safety of our countrymen and for lasting peace in our nation so that we can all work together in harmony towards real change , """" he said .""",[0 1 0 0 0 0 0]
5612,"he said the victims who are currently rendered homeless can now be relieved of troubles as the 5,000 iron sheets from mwanza had arrived , with 1,200 already distributed to victims in bukoba municipality .",[1 1 1 0 0 0 0]
3025,"from a spiritual perspective , fasting is a time for the believer to rely on god , to give thanks and to think of others who are in need .",[0 1 1 0 0 0 0]
232,"the former chelsea star through his foundation gave out toys , bags and clothes to kids in need of a brighter holiday",[0 1 1 0 1 0 0]
9238,"this letter also might encourage other people . if they see someone struggling just go over and help . it can really make that elderly , disabled or troubled person 's day !",[0 1 0 1 0 0 0]
8739,kudos to the teenager for showing great kindness to someone in need !,[0 1 0 0 0 0 0]
1447,"this is a new education programme introduced in this district to ensure that each vulnerable girl and boy in this district is educated , protected , respected and valued and grows up to turn the tide of poverty .",[0 1 0 0 0 1 0]
6646,"to meet the need , villagers from gairo district in morogoro region have a reason to smile after the campaign for female education ( camfed ) tanzania has introduced a new programme to support vulnerable girls and boys from poor families to access best education from primary to tertiary level that will help them to break the poverty cycle for themselves and their communities .",[0 1 0 1 0 1 0]
9982,""""""" this is a wonderful cause to be part of , and we are deeply impressed by deputy minister manamela and the effort he puts in to raise awareness of this previously unspoken issue , """" says old mutual head of brand karen thomas . """" at old mutual we always encourage people to do things for ' more than yourself ' , and at this year 's om die dam deputy minister manamela is leading the way and setting an example that committing oneself to run can make such an enormous difference to so many in need . """"""",[0 1 1 0 0 0 0]
1137,"the retailer footwear company on a mission to democratise fashion , design and the latest ideas in footwear and accessories globally , has shown its commitment to jamaica by again providing shoes for children in need during the christmas season .",[0 1 1 0 0 0 0]
8260,"""yangon , myanmar , september 29 , 2017 -- sanna johnson , irc 's regional director said : """" whether forced to flee to neighbouring bangladesh or stuck in northern myanmar , cut off from essential services and lifesaving aid , rohingya refugees have no safe place to call home . today 's reported drownings are a tragic reminder of this desperation . as the largest health care provider in rakhine state , the irc is deeply alarmed by conditions on both sides of the border and calls for immediate access to reach those communities in need . """"""",[0 1 0 0 1 1 0]
2133,"the drama 's compelling nature derived from a thorough knowledge of its cast , more numerous and improbable than any soap opera 's . the bite came from underlying tragedy : lost wives , lost jobs , pennilessness , homelessness and death . i have never laughed so much as in soho in the eighties .",[0 0 0 0 1 0 0]
1301,"government support to bring the housing first programme to wellington will make a real difference for the homeless , says national 's wellington central candidate nicola willis .",[0 1 0 1 0 0 0]
2953,""""""" the worst thing was dealt to us , """" he said . """" but at least we 'll get closure . that 's a blessing , in some way ... but i think of those poor families who wo n't . """"""",[0 1 0 0 1 0 0]
6115,the eastridge christian school in bramley gathered at their local park to hand over much-needed food parcels to the homeless on 7 march .,[0 1 1 0 0 0 0]
157,"we are alarmed to learn of your recently circulated proposals that would eviscerate the lifeline program and leave many of the most vulnerable people in the country without access to affordable communications . as you are well aware , the lifeline program provides a modest monthly subsidy of $9.25 to connect low-income americans to phone and internet services . as broadband prices continue to soar , and affordability continues to suffer , adoption gaps remain . the lifeline program has proven critical for poor families and people of color who are caught on the wrong side of the digital divide .",[0 1 1 0 1 1 0]
8936,"speaking in garissa on sunday when he hosted officials from qatar charity who are financing a programme to assist two orphanages in the county , korane said vulnerable children stand equal chances of becoming useful members of society if given good upbringing and education .",[0 1 0 0 0 0 0]
644,""""""" i and my daughter monica are excited about providing a space for disabled people to be able to get together and earn fair prices for their work , """" mr. rogers said .""",[0 1 0 0 0 0 0]
2918,famously progressive san francisco has among america 's most eco-friendly public policies and has declared itself a sanctuary to immigrants it considers persecuted by president donald trump 's administration .,[0 1 0 0 1 1 0]
8831,"it is also good news for women 's issues , which are in desperate need of a woman 's touch . as much work as the anc has done thus far , we have a long way to go in this and in many other regards .",[1 0 0 0 0 0 0]
8057,"for jobless , hopeless zimbabweans there is nothing much to cheer <h> email to friend",[1 0 0 1 1 0 0]
4538,"for jobless , hopeless zimbabweans there is nothing much to cheer",[0 0 0 1 1 0 0]
7040,"michael gove 's recent suggestion that inadequate financial management skills among poor families are to blame for the increasing demand on food banks has , unsurprisingly , sparked an angry response . critics feel the conservative party is out of touch with the pressures on ordinary families .",[0 0 0 1 0 0 0]
9282,"for many poor families , the college is a very important institution providing their children with the education crucial to break the poverty cycle .",[0 1 0 1 1 1 0]
3605,"""the rights and needs of hundreds of thousands of older and disabled people are being neglected and their difficulties left to worsen under a hopeless system of social care . but while the king 's fund report says that older people are faring the worst from the poor state of social care , this ignores the plight of working age disabled people who are facing the double whammy of harsh and inefficient """" welfare reform """" , as well as severe cuts in social care support .""",[0 1 0 1 1 0 0]
6266,it is miserable being poor and homeless in an affluent nation where one 's worth is measured by what one can afford to buy . even those in the middle class with good and steady jobs struggle to keep their lifestyle .,[0 0 0 0 1 0 0]
1090,mum living in homeless shelter has ' nowhere to bring boys on christmas day ' <h> ' panicked ',[0 0 1 0 1 0 0]
5989,mcafee said he was helping the locals by feeding poor families and providing them with jobs .,[0 1 0 0 0 0 0]
7414,"cheung said 20 disabled undergraduate students from seven universities will start their eight-week internship in government departments this month , receiving the same salaries as able-bodied colleagues of hk$9,600 a month .",[0 1 0 0 0 0 0]
5367,"however , this success story is not uncommon . it often happens that people from poor families have more perseverance to fight tooth an nail in business than children of rich parents who are used to get everything they want with ease . people without a strong spirit will quickly break down and drop out from the competition .",[0 0 0 1 0 1 1]
6392,"this year alone the b.s.i has been able to share with the kids of rescue dada centre , a home that rescues girls from the streets and gives them an opportunity to better themselves in life . they also got to visit kids from kijiji in langata who were left homeless after a fire consumed their homes .",[0 1 0 0 1 0 0]
3130,"stephanie envisioned a model whereby women in need would be taught a skill such as handcrafts , and be paid a fair trade wage for their efforts . in turn , the women who had experienced hardship and marginalisation would grow to become self-sufficient . with the products then sold in australia via an online store and a network of retailers , the profits would be reinvested in seven women to continue the cycle of empowerment .",[0 1 1 1 1 0 0]
8290,"in the space of a week , four beautiful young women gave up their lives voluntarily over reasons ranging from a love affair to depression to unemployment . all were educated and from reasonably good families . and these are just some of the reports that media covered . looked at dispassionately and from a distance , none of their problems seem insurmountable . what a waste of young , beautiful lives !",[1 0 0 0 1 0 0]
8256,i now know why mike redmond is proposing a school lunch program . this news about 1/4 of all kids coming from poor families with not much food is an embarrassment . and ghiz throws our tax dollars at his construction buddies &amp; immigrant investment at his political buddies . and then ghiz and myers and their good ol ' boy supporters decry a proposed program like free school lunches as a type of socialist conspiracy .... i 'd like every one of them to experience real hunger for a week in the winter and see if they 'd sing a different tune afterward . ghazal and myers and the blue blood wannabes of pei have no clue .,[0 1 0 0 1 1 0]
1648,"""mari ? tte coetzee from stofberg family vineyards ( whose mia chenin blanc 2016 was the garagiste trophy winner at last year 's michelangelo awards and the recipient of four platter 's stars for the mari ? tte chenin blanc 2016 ) , says : """" we can be extremely proud of the current women winemakers in our industry , especially considering most of them are juggling a family along with the long working hours .""",[0 1 0 0 1 0 1]
7963,""""""" as a family , my father was a policeman and he used to come home with food ( monthly ) , and my mother used to pack small parcels and we used to give them to the poor families .""",[0 1 1 0 0 0 0]
151,"10:41am - parents of children who died must get compensation , free medicine must be provided to poor families across up : ram gopal yadav",[1 1 0 0 0 0 0]
7651,"but kids fall through the cracks . if they move around a lot between schools - as kids from poor families very often do , due to precarious housing - they can go years between check-ups .",[0 0 0 1 1 1 0]
4156,"the school authorities have taken the perfect procedure , not to obstruct studies . the 300 odd athletes who engage in sports are given the freedom to practice before and after school hours under the watchful eyes of the teachers who are in-charge of sports . the talented athletes who come from poor families are taken care of adequately with contributions from parents and well wishers .",[0 1 0 0 0 0 0]
498,"almost apocalyptic in its devastation , the wrath of one of the most powerful storms ever to hit the atlantic is evidenced in the smashed ruins of barbuda 's candy-coloured homes , the hopeless faces of residents who have lost everything they own , and the haunted eyes of their children .",[0 0 0 1 1 1 0]
7191,""""""" boarding schools should be for those coming from poor families who when admitted to boarding secondary schools would be assured of their meals provided by schools , """" she said .""",[1 1 0 0 0 0 0]
9946,""""""" today 's decision upholds and affirms america 's proud history in providing refuge for the world 's most vulnerable . refugees are fleeing violence and persecution and want nothing more than to live a safe and peaceful life .""",[1 1 0 0 1 0 0]
4684,"while male prisoners in pakistan also suffer , the female prisoners ' plight is truly worrying . like male offenders , the majority of female offenders are poor . however , women enter the criminal justice system with a host of unique medical , psychological , and financial problems and needs that distinguish them from male offenders . addiction , poverty , unemployment , physical and mental illness , physical and sexual abuse , and homelessness trap women in a cycle of hopelessness and crime . in particular , female offenders are often young mothers who face the additional trauma of threatened separation from their children .",[1 0 0 1 1 1 0]
4580,"old bc : as usual , old gb has it assy-versy . i think there should be more focus on preventing homelessness than curing it . are there systems for actually going out , picking up the homeless , and placing them where they belong ? homeless people are n't voluntarily walking into these shelters .",[1 1 0 1 0 1 0]
1961,"american hegemony in industry is history , they simply allowed and even encouraged their prosperity to be exported to low -wage economies , resulting in local unemployed folk living in poverty , unable to pay the electricity bill and keeping themselves from depression and hopelessness by sniffing , snorting , smoking or injecting themselves with opiates .",[0 0 0 1 1 0 0]
7154,"the hope foundation is a charity working with street and slum children in india . they work to free children and poor families from lives of pain , abuse , poverty and darkness . living on the streets , children are exposed to horrendous physical and sexual abuse .",[0 1 0 0 1 1 0]
1200,"on the eve of the world refugee day , unhcr received information about three new shipwrecks in the mediterranean . it is feared that at least 130 people were dead or missing . whatever the unpredictable donald trump may be doing or undoing , all our religions tell us that it is our sacred duty to give shelter to the homeless and that is what we need to do , discarding the trump cards from hell .",[0 1 1 0 0 0 0]
8722,"but if the supreme court gives a favorable decision for the president , his immigration program would immediately take effect , changing the lives of eligible filipino families and other immigrants .",[0 1 0 1 0 0 0]
2351,"""she remembers how hard being homeless hit her . she remembers , too , how she would try and act as mad as possible to intimidate people and stop them from coming close to her . she would turn as she walked and make loud noises so that people would leave her alone . how did she manage not to lose sight of her future while she was struggling for survival ? """" i handled my situation of being homeless pretty easily , """" she says with a bit of distance . """" i had football to focus on . i wanted to represent my country and i was n't going to let anything get in the way . """"""",[0 0 0 0 1 1 0]
7188,"""there were also many larger events which took place , including a 24-hour long period of eucharistic adoration and a prayer vigil . additionally , """" jubilees """" were held which centered on , among others , the sick and disabled , catechists , teenagers , deacons , priests , religious , volunteers of mercy , and most recently , the poor and homeless .""",[0 1 1 0 1 0 0]
1381,"departing from his prepared remarks , francis shared his experiences of the day earlier with thousands of people gathered for his blessing . he says among the 300 refugees he greeted saturday on lesbos was a syrian widower with two children .",[0 1 1 0 0 0 0]
5722,"""calling for an immediate political solution to resolve the crisis in syria , erdogan said : """" turkey 's incursion into northern syria in early september had led to establishing peace , balance and stability in a region taken over by hopelessness """" .""",[0 0 0 1 1 0 0]
3382,"""this little girl with her whole life in front of her can not go to school , can not read , can not write . at age seven , she is guilty , of being one of the world 's 60 million refugees in the year 2017 ! the government claims it has implemented """" 15 years free education """" but the reality does not match the words . for pre-school children , where government policies have created a completely privatised sector , normal fees are hk$2,800 per month -- completely out of reach for poor families .""",[0 0 0 1 1 1 0]
4023,"a highlight of the week will be a public lecture and panel discussion next tuesday , september 20 , at 5:00 pm at the uwi library multifunctional room , by the inspiring marilyn lacey , a religious sister of mercy ( rsm ) , who has worked with migrants and refugees worldwide and has received multiple international honours for her compassionate outreach . her topic is : ' mercy : god 's unexpected path to justice ' .",[0 1 0 0 0 0 0]
1693,""""""" they have made them to become hopeless and now , in """" going to god """" , they have ended up being deceived further and their situation is exploited and the society becomes even worse .""",[0 0 0 1 1 0 0]
350,"it can not be right to allow homes to sit empty while many struggle to find somewhere to live , others having to sleep rough on pavements during christmas , hoping against hope , for some charity to provide shelter . the number left homeless and destitute is alarming not necessarily at christmas ?",[1 1 0 1 1 0 0]
10099,"after a tragic event during his previous life as an fbi agent , sawyer lost half a leg and developed an aversion to guns . so instead of the usual muscle-bound , wise-cracking , gun-toting cliche he 's often played , here he 's a vulnerable , disabled family man caught up in a twisted extortion plot .",[0 0 0 0 1 0 0]
1834,"behind the initiative are danish national lars jorgensen and his american wife monica , who came to the philippines as backpacking tourists 27 years ago and were moved by the sight of manila 's young and homeless .",[0 1 0 0 1 0 0]
5829,"bus driver cathal carroll asks if i 've heard the news this morning . i have n't . four thousand souls have just been rescued from the waters of the mediterranean , he says . all of them african refugees . all fleeing hunger and persecution in their native lands . what do i think about that ?",[0 1 0 1 1 0 0]
2342,"the measures have kept the migrants living in limbo . the overwhelming majority have not been granted asylum and they lead a tenuous existence , often at the whims of the government .",[0 1 0 1 1 0 0]
5072,"""he said that he also stopped in maiduguri , nigeria , where he met with people who were torched out of their homes 11 months ago . """" these are the stories we carry with us , """" he underlined . """" the world humanitarian summit , is a once in a generation opportunity to set in motion an ambitious and far reaching agenda to change the way that we alleviate , and most importantly that we prevent , the suffering of the world 's most vulnerable people . """"""",[0 1 0 0 1 0 0]
6260,"canada has managed to accept immigrants , yet it keeps its citizens happy at the same time . in fact , the only populist revolution was pro-immigrant ! it can all be managed , in a humane way ; feeling the pain of those who have left their homes in search of peace or prosperity .",[0 1 0 1 1 0 0]
3861,"""in time , when the housing backlog for the low middle- and low-income families will have been significantly whittled down to manageable levels , the government can start looking at ways and means to bring these """" lesser """" filipinos into the embrace of economic health -- and away from that malady called homelessness .""",[0 1 0 0 1 1 0]
3211,"""in a statement , the unhcr said it is """" alarmed and concerned """" by tuesday 's incident and urged the """" public and all those concerned with refugees to continue extending protection and to show empathy for civilians fleeing persecution and violence . """"""",[0 1 0 0 1 0 0]
4227,"we have done a great deal of work but the biggest thing we have done is to make the ministry a powerful tool for the protection of women ... over the last four years , every time somebody comes up with a good idea or proposes an area in which women need help , we have adopted it immediately . we have been doing two things -- policymaking , which also pushes other ministries , and looking at individual cases of suffering . for me , both components are equally important .",[0 1 0 0 1 0 0]
734,"her house now holds the memories and keepsakes of a migrant 's life well lived , selflessly offering her home and love to more than 100 british foster children and making history in the process -- along with her late husband -- - by being the first black couple in the lambeth council in south london to be allowed to foster white children .",[0 1 0 1 0 0 0]
9006,""""""" jesus is the master feminist because he championed the cause of women , """" she said .""",[1 1 0 0 0 0 0]
2333,"she added that her office has worked relentlessly with the present administration to translate policies into concrete actions for the women , children , the aged , orphans , the disabled , and other vulnerable members of the society . hajiya yuguda challenged nigerians to believe in the immense capacity and capability of the women folk in nation building in order to bring about the much needed positive change the country is yearning for .",[1 1 0 0 0 0 1]
952,"bombarded by schizophrenia , addiction and homelessness , you might say that eoghan o'driscoll has been to hell and back . but he is finding a new balance through painting . interview : michael lanigan",[0 0 0 0 1 1 0]
1063,""""""" so many of us see the state of our home as some kind of reflection of our self-worth ( even though it 's not ! ) , and a mess can so easily make you feel like a failure . and for those who have mental illnesses , chronic illness , chronic pain , or disabilities , this can be even worse , because when you 're not physically able to do a whole-house clean , it can all seem a little hopeless . """"""",[0 0 0 1 1 0 0]
6708,i only wish they can one day wake up to relise that they were blessed to be born in such influential families to help people in need . they can use their influence to bring better changed in other peoples life .,[0 1 0 0 0 0 0]
10269,veterans left on scrapheap : the homeless plight of former servicemen and women,[0 0 0 0 1 1 0]
5442,"""balu , an honest , hard-working labourer , who was injured by army shelling about 1993 leading to partial deafness , had latterly resettled in tellipalai . while waiting to cross the kks rd. , he was killed by a navy vehicle with , as i learn , defective brakes , driven by a man without a heavy vehicle licence . when development fails the most vulnerable and poor , we have lost our way . it is well to remember tagore in his essay on nationalism : """" ... speed comes to its end , the engagement loses its meaning and the hungry heart clamours for food , till at last she comes to the lowly reaper reaping his harvest in the sun . """"""",[0 0 0 0 1 1 0]
7111,"""emmanuelle riva in """" amour , """" as a woman in her 80s whose mind and body deteriorate after a series of strokes , is even frailer , more vulnerable , and quite defenseless . the first time we saw riva , in """" hiroshima mon amour , """" we were struck by her sensual , yet patrician face . now the sensuality is gone , but the dignity of that countenance remains .""",[0 0 0 1 1 0 0]
6731,"""with a mission to """" strive every day to create a safe haven where homeless women and children find stability and access to the basic needs of life """" , the elfreeda foundation launched its open shelter on the 11th of august 2017 . in attendance were dignitaries such as : the wife of the vice president of nigeria , her excellency dolapo osinbajo ; the governor of imo state , his excellency owelle anayo rochas okorocha ( oon ) ; wife of the governor of imo state , nneoma nkechi rochas okorocha ; wife of the governor of enugu state , monica ugwuanyi ; the chief of staff of the imo state government , honorable uche nwosu ; publisher of genevieve magazine , betty irabor amongst others .""",[0 1 0 0 0 0 0]
3297,""""""" we believe in the ability of young women to achieve great things , both for themselves and for tanzania , """" he added .""",[1 1 0 0 0 0 1]
5862,"as exemplified by the teenager , let us all be kind to one another and help those in need without discriminating against one another based on race or religion .",[0 1 0 0 0 0 0]
9788,turkit 's heartening to see that measures are being taken in khyber pakhtunkhwa ( kp ) to empower women and give them work opportunities . you ! takes a look ...,[0 1 0 0 0 0 0]
5059,"new zealand has been getting more comfortable confronting difficult issues in primetime . last year , nigel latta : the hard stuff 's exploration of suicide and teenagers ' online lives was a hit . earlier this year another season of the undateables , a british show about dating amongst the disabled and those with learning disabilities played at 8.45pm mondays on tvnz 2 . and despite the exploitative name , embarassing bodies has helped open eyes and minds to the reality of those whose physical form deviates from a societal conception of ' normal ' .",[0 0 0 0 1 1 0]
4344,"in a world of unlimited data , there is little stopping us from providing refugees with this lifesaving connectivity .",[0 1 1 0 0 0 0]
8624,"""i am shocked , disgusted and dismayed at yet another police incident that is being mishandled . how many poor families have had their loved ones senselessly perish at the hands of highly paid , supposedly """" professional """" police officers and have had to fight against an unjust system that allows these officers to literally get away with murder unpunished. ?""",[0 0 0 0 1 0 0]
7913,charity plans to forgo parking so homeless can have gym and medical centre,[0 0 1 0 0 0 0]
8939,"in the course of the coming week , the season of lent begins . it is a time for renewal for each one of us , a time to draw closer to the lord so that he may pick us up and set us again on his pathway to the fullness of life . the steps we are invited to take during lent include the three traditional lenten practices : prayer , fasting and almsgiving . we are to make these practices a more constant part of our life and behaviour throughout these next five and a half weeks . through daily prayer we open our hearts to the lord ; through fasting , or self-denial , we quieten the clamour within us for self-indulgence ; in almsgiving we have a means of reaching out to those in need , giving expression to our compassion for them .",[0 1 1 0 1 1 0]
9866,"many donors prefer to remain anonymous , having found a more solid satisfaction comes from knowing what they are doing is truly helping those in need , than is derived from others ' praise .",[0 1 0 0 1 0 0]
5846,"kolkata : sourav kaibartya , a fisherman 's son who scored 94.2% in his higher secondary examination this year got entry into nit durgapur for engineering course . the boy was at a loss as to who will fund his education . that is when a corporate house came into his rescue . thirty-seven students like him from west bengal meritorious but from poor families will now get to continue their studies with an initiative from magma fincorp ltd .",[0 1 0 0 1 0 0]
915,"""she continued , """" i stepped away from hiding behind a fabricated version of myself . i no longer put actions behind my fears and insecurities . i made a choice to redirect my energy to be a catalyst for change . to create a channel for women to become the truest versions of themselves , along with me. """"""",[1 0 1 0 0 1 0]
2591,"one petition signer , the reverend everett shattuck , 59 , a church of the brethren minister from mill creek , indiana , said opening his home to refugees was part of the u.s. tradition of welcoming immigrants .",[0 1 0 0 0 0 0]
2453,""""""" my daughter , who was a physiotherapist , who is now on the other side , realizes how difficult it is being a disabled person . she wishes to change the idea in people 's minds when they look at a disabled person -- their mind is fine , they may be disabled , but they 're normal people and they want to be treated that way . """"""",[1 0 0 0 1 0 0]
3672,"yes , dmc you are very good at adding numbers , i am sure the dead and homeless are really thankful that you have the numbers . but as a government department i do not see any action in preventing , educating , keeping sos supply depots , or indeed any action , apart from the armed forces providing aid and the common man .",[1 0 0 0 0 1 0]
5955,"the indigenous palestinians see themselves abandoned by the powerful nations of the un . in sheer hopelessness and a sense of dehumization they are , regrettably , now resorting to nihilistic activities trying to harm israeli jews and getting killed every day by the trigger happy israelis - civilians and security forces alike . it is a sad development in a region that has cried for justice for too long -- almost 70 years - only to be ignored and severely punished for their noncompliance to the zionist dream of eretz israel .",[1 0 0 1 1 1 0]
1283,""""""" stateless """" is the story of a forgotten group of vietnamese refugees who spent over 16 years in the philippines waiting for resettlement . caught at the low tide of compassion fatigue by the international community , which led to the closure of refugee camps in southeast asia in the early 1990s , the refugees found themselves lost with no country to call home .""",[0 0 0 1 1 1 0]
4393,the law stipulated 21 rights of the disabled persons . the disabled persons must get the national identity cards and be listed in the voters roll . even they will be able to contest in the polls .,[0 1 0 0 0 0 0]
3047,for ten years a group of women have been stitching love into thousands of knitted blankets and garments to help keep poor families in eastern europe warm .,[0 1 1 0 0 1 0]
3716,he said that only deserving people had the right to benefit from the wall of kindness who were in need of such things and did not want to beg from others .,[1 0 0 0 1 0 0]
5497,"""so when journalists and observers tell us that , """" toronto will never be the same again , """" they are not only wrong , but are extremely unhelpful . of course toronto will be just the same again . not for the poor families of the deceased , not for those struggling with ghastly and perhaps life-changing injuries , but for most of the rest of us . it wo n't change , because it never does .""",[0 1 0 0 1 0 0]
823,"""he said : """" we need improved security for civilians and aid workers and access to all those in need , but we must also build a bigger humanitarian muscle to provide for the suffering millions .""",[1 1 0 0 1 0 0]
2956,"over the past five years , the company has donated approximately 60,000 pounds of fresh produce for weekly outreach programs and via larger holiday events and veteran ? s programs that have impacted tens of thousands of new yorkers in need . through easter seals of new york , bloom fresh delivers fresh fruits and vegetables each week to the bronx child development center to not only provide more healthy nutrients to children during lunch , but also for the children to take home to their families .",[0 1 0 0 0 0 0]
9407,"""winfrey 's school is an attempt to wield philanthropy and celebrity against south africa 's social and educational crises . high-achieving students from poor families were admitted after a rigorous application process in which winfrey was deeply involved , and she has visited regularly to counsel her girls . she held a last , late-night """" pajama party """" with the graduates friday .""",[0 1 0 0 0 0 0]
7127,"they sell their meager belongings , they borrow money from family and friends to buy work visas and airline fares , they are either illiterate or semi-literate , they are mostly unskilled souls from long suffering and very poor families . when they start work in arab sheikdoms , despite being muslims , they are treated as if they are sub-humans . these resolute and hardy souls , despite all the poverty and hardship inflicted upon them by nature , work hard like slaves and send billions of dollars to pakistan ; with out this money the country could not survive . if any one deserves low pia fares , it is these very people , pakistan 's survival depends upon them , they are your most valuable financial asset . sadly no ministry speaks for them .",[0 1 0 1 1 0 1]
6546,"icccad remains a strong advocate of local initiatives and supports the concept of community based adaptation ( cba ) . solutions developed at the local level have the best chance of being successful since it is the poorest living in areas prone to storms , floods , and droughts who are most vulnerable and best understand what needs to be done . this approach seeks to give these communities a voice since it is powerlessness as much as location that makes these communities vulnerable to climate change .",[1 1 0 1 0 1 1]
3910,""""""" in particular , the programmes to support blind and disabled golf impress me both as an avid golfer and a passionate believer in the """" power of sport """" , to bring people together and transform lives for the better , """" said mr key .""",[0 1 0 0 1 0 0]
6645,"""after the satisfying evening , manny osme ? a left us pondering on his quote , """" money is pressure until it is used to help people in need . """"""",[0 1 0 0 0 0 0]
154,"when some people feel causing problem for some others by breaking into their homes to steal is n't too good , they just result to begging . you now see people without deformities begging , when some people who are disabled work to feed their mouth . you then ask , what type of country is nigeria ? even a man who is not lettered would chorus the maxim that two wrongs do n't make a right . the country is n't working out ; and people want to survive anyhow too . they have to eat they will say .",[1 0 0 1 1 1 0]
6129,""""""" mike 's leadership has made nsw the economic and infrastructure powerhouse of the nation . his compassion has also ensured a better quality of life for those most vulnerable .""",[0 1 0 0 0 0 0]
9094,' the problem with this place is that there is a lot of vulnerable people here and they get the wrong kind of help .,[1 0 0 1 0 0 0]
8168,"these latest gifts are from parents at a local home daycare who pooled together their own money and resources to help raijene mallory even more . art randolph did the heavy lifting , bringing in package after package to the once homeless family 's new northside apartment . each wrapped gift and crate carrying necessities , clothing and toys coming from a group of compassionate mothers to another in need .",[0 1 0 0 1 0 0]
4710,"""mr slosar said : """" we have been deeply moved by the plight of the people of japan affected by the natural catastrophes . we hope that our contribution will help them to rebuild their lives . red cross has been our partner in reaching out to those in need in the community and we are pleased to work with them once again in this endeavour . """"""",[0 1 0 0 0 1 0]
650,"""when contacted , yadav said , """" there are two things that drive me to deliver my best . the sense of responsibility that i have as an officer of the government of india . and , i get happy when i see smiles on the faces of people who are caught up in the complexities of bureaucracy . if the government is paying me for taking up responsibilities , then it becomes my duty to help those in need . """"""",[0 1 0 0 0 0 0]
9626,"""in his final year as president , mr s r nathan - together with a few of his close friends - started discussing with me the idea of starting a philanthropic fund to help """" uplift """" children from poor families .""",[0 1 0 0 0 1 0]
4327,"if in addition ' miracles ' can be orchestrated then the acceptance and reverence become total . in a country where statistics state that unemployment is about 25 per cent but we know it is more like 70 per cent , where the next meal will come from is unpredictable and on a daily basis time just passes by ; it is not far-fetched for women to become prayer warriors for their children , husbands and siblings and are made to blame whatever is happening not on policies of the government but on the machinations of the devil .",[0 0 0 1 1 0 0]
